personId,中文名,职业,出生日期,外文名,国籍,出生地,代表作品,星座,主要成就,身高,:LABEL
p1,尼可莱塔·布拉斯基,演员，制片,1960年8月10日,Nicoletta Braschi,意大利,意大利 艾米利亚,《不法之徒》《美丽人生》《木偶奇遇记》《老虎与雪》,狮子座,1997年主演电影Ovosodo，赢得了意大利大卫奖。,null,actor
p2,菲利浦·诺瓦雷,演员，编剧,1930年10月1日,Philippe Noiret,法国,法国，诺德，里尔,《老枪》《只是人生》《天堂电影院》等,天秤座,第44届英国电影学院奖电影奖-最佳男主角,null,actor
p3,玛德琳·卡罗尔,演员、模特,1996年3月18日,Madeline Carroll,美国,美国加利福尼亚州洛杉矶市,《怦然心动》，《关键投票》，《圣诞老人3》,双鱼座,2009年获得青年艺术家奖故事片最佳年轻女主角的提名,160cm,actor
p4,斯蒂芬·瑞,演员,1946年10月31日,Stephen Rea,英国,英国北爱尔兰贝尔法斯特,《V字仇杀队》、《黑夜传说4》,天蝎座,第65届奥斯卡金像奖最佳男主角提名,179cm,actor
p5,乔治·坎塔里尼,演员,1992-4-12,Giorgio Cantarini,意大利,"意大利,翁布里亚,特尔尼,奥尔维托",美丽人生 La vita è bella (1997)《角斗士》,白羊座,null,null,actor
p6,富润生,配音演员,1925年,null,中国,河北省大兴,《基度山伯爵》中的法老、《巴黎圣母院》,null,为200余部外国影片及电视片配音,null,actor
p7,Philippe Labro,"编剧,导演,演员",null,Philippe Labro,null,null,null,null,null,null,actor
p8,阿伦·伊克哈特,null,1968年3月12日,Aaron Eckhart,美国,null,null,null,null,null,actor
p9,艾德里安·布洛迪,演员、制片人,1973年4月14日,Adrien Brody,美国,纽约州纽约市,钢琴家、神秘村、灵幻夹克、金刚、大吉利公司、天将雄狮,白羊座,第75届奥斯卡金像奖最佳男主角奖、第28届凯撒奖最佳男演员奖、第60届金球奖电影类-剧情类最佳男演员奖、第16届华鼎奖最佳男配角奖,186厘米,actor
p10,保罗·沃克,null,null,null,null,新泽西小镇凯普梅,null,null,null,null,actor
p11,米歇尔·罗德里格兹,演员,1978年07月12日,Michelle Rodriguez,美国,美国德克萨斯州贝克萨尔,《阿凡达》、《生化危机1》、《LOST第二季》、《速度与激情》系列,巨蟹座,null,163cm,actor
p12,美轮明宏,创作歌手、演员,1935年5月15日,みわ あきひろ、Miwa Akihiro,日本,日本长崎,花子与安妮,金牛座,2014年第3度入选，并以79岁的年龄，打破了藤山一郎的纪录,null,actor
p13,马里奥·毛瑞尔,平面模特、演员、歌手,1988年12月4日,Mario Maurer、มาริโอ้ เมาเร่อ,泰国,泰国曼谷,初恋这件小事、暹罗之恋、鬼夫、骄傲的火焰,射手座,Starpics泰国电影节最佳男主角 、The great awards 年度最佳电影男演员、Nine entertain awards年度最佳男演员,182CM,actor
p14,Forest,游戏玩家,null,forest,null,null,null,null,null,null,actor
p15,詹姆斯·伍兹,演员,1947年4月18,James Woods,美国,Vernal Utah,《突破炼狱》、《等待黑色黎明》、《美国往事》,白羊座,两次获得奥斯卡奖提名、第44届美国电影电视金球奖电视类-迷你剧/电视电影最佳男主角奖,183cm,actor
p16,克里斯蒂安·贝尔,演员,1974年1月30日,Christian Bale,英国,"英国,威尔士,彭布罗克郡,哈弗福德韦斯特",蝙蝠侠黑暗骑士三部曲、斗士、金陵十三钗、美国骗局、大空头、副总统,水瓶座,第83届奥斯卡金像奖最佳男配角、第68届金球奖最佳男配角、第17届美国演员工会奖最佳男配角,183cm,actor
p17,贾登·史密斯,演员、歌手,1998年7月8日,Jaden Smith,美国,美国加州洛杉矶,当幸福来敲门、功夫梦、地球停转之日,巨蟹座,1座MTV电影奖、1座土星奖,成长中,actor
p18,李大为,导演、摄影,1970年7月29日,null,中国,null,金粉世家、走着瞧,null,第27届中国电影金鸡奖导演处女作奖,null,actor
p19,理查·基尔,演员，导演,1949年8月31日,Richard Tiffany Gere,美国,美国，宾夕法尼亚州，费城,《一级恐惧》，《忠犬八公的故事》,处女座,第60届美国电影电视金球奖电影类-音乐喜剧类最佳男主角奖,180cm,actor
p20,葛优,演员,1957年4月19日,Ge You,中国,北京,编辑部的故事、活着、甲方乙方、不见不散、没完没了、大腕、手机、夜宴、非诚勿扰、让子弹飞,null,第47届戛纳国际电影节最佳男演员、第14届中国电影华表奖优秀男演员、第13届中国电影金鸡奖最佳男主角、三届大众电影百花奖最佳男主角、三届华语电影传媒大奖最佳男主角、、三届北京大学生电影节最受欢迎男演员、第15届大众电影百花奖最佳男配角、第18届北京大学生电影节最佳男演员、第03届中国电影导演协会最佳男主角、第10届中国电视金鹰奖最佳男主角等、北京市慈善协会形象大使,null,actor
p21,邱岳峰,原上海电影译制片厂配音演员,1922年5月10日,null,中华人民共和国,呼伦贝尔（原籍福建省福州市）,参与配音：《简爱》《红菱艳》《警察与小偷》《凡尔杜先生》,null,中国最杰出的配音表演艺术家之一,null,actor
p22,金燕玲,演员、歌手,1954年11月30日,Elaine Jin,英国,中国台湾,地下情、人民英雄、独立时代、 宋家皇朝、京城81号等,射手座,四届香港电影金像奖最佳女配角、两届台湾电影金马奖最佳女配角,null,actor
p23,埃迪·艾伯特,电影演员,1906,null,美国,伊利诺斯州罗克艾兰市,null,null,null,null,actor
p24,蒂姆·罗宾斯,编剧、导演、演员,1958-10-16,Tim Robbins,美国,美国加州西柯汶纳,肖申克的救赎、神秘河、超级大玩家,null,第76届奥斯卡金像奖最佳男配角、第61届美国金球奖最佳男配角、第50届美国金球奖喜剧类最佳男主角、第45届戛纳电影节最佳男演员,196cm,actor
p25,阿尔·帕西诺,演员，编剧，导演，制片,1940年4月25日,Al Pacino,美国,美国纽约曼哈顿,教父系列、闻香识女人、热天午后、疤面煞星、情枭的黎明、盗火线、忠奸人、魔鬼代言人,金牛座,第65届奥斯卡奖最佳男主角、第51届威尼斯电影节终身成就金狮奖、第31届金球奖最佳男主角、第50届金球奖最佳男主角、第61届金球奖电视电影最佳男主角、、第68届金球奖电视电影最佳男主角、第56届艾美奖电视电影最佳男主角、第62届艾美奖电视电影最佳男主角、美国电影学会终身成就奖、罗马国际电影节终身成就奖、1969年托尼奖最佳男配角、1977年托尼奖最佳男主角,170cm,actor
p26,牛犇,演员,1935年,null,中国,天津,圣城记、火葬、海誓,null,一届中国电影金鸡奖最佳男配角、三届大众电影百花奖最佳男配角、第31届中国电影金鸡奖终身成就奖,null,actor
p27,Behzad Rafi,"副导演/助理导演,演员",null,Behzad Rafi,null,null,null,null,null,null,actor
p28,本·金斯利,演员,1943年12月31日,Ben Kingsley,英国,英国约克郡斯奈顿,《甘地》，《辛德勒的名单》,魔羯座,第55届奥斯卡最佳男主角奖第64届奥斯卡奖最佳男配角提名、第74届奥斯卡奖最佳男配角提名,173cm,actor
p29,琼·艾伦,演员,1956年08月20日,Joan Allen,美国,伊利诺斯州,《尼克松》，《死亡飞车》,null,null,null,actor
p30,凯瑞-安·莫斯,演员,1967年8月21日,Carrie-Anne Moss,加拿大,加拿大温哥华,《黑客帝国》、《战略特勤组》,狮子座,null,null,actor
p31,简·林奇,演员,1960年7月14日,Jane Marie Lynch,美国,美国伊利诺伊州多尔顿,《欢乐合唱团》、《无敌破坏王》，里约大冒险,巨蟹座,68届美国金球奖最佳女配角,6' (1.83 m) 源自IMDb,actor
p32,朴信惠,演员,1990年2月18日,박신혜(韩)、Park Shin Hye(罗马)、パク-シネ(日),韩国,韩国光州,原来是美男啊、继承者们、匹诺曹、Doctors,水瓶座,韩国大众文化艺术奖 总理表彰、百想艺术大赏 女子人气赏五连冠、SBS演技大赏 最优秀女演员奖,168cm,actor
p33,克林特·伊斯特伍德,演员、导演、制片人,1930年5月31日,Clint Eastwood,美国,加利福尼亚州旧金山,镖客三部曲、不可饶恕、百万美元宝贝、廊桥遗梦、美国狙击手、完美的世界、神秘河,双子座,第65届奥斯卡金像奖最佳导演奖、第77届奥斯卡金像奖最佳导演奖、美国电影学会终身成就奖、戛纳国际电影节终身成就奖、威尼斯国际电影节终身成就奖,193cm,actor
p34,金艺芬,演员,null,null,null,null,《爱，回家》,null,null,null,actor
p35,克拉克·盖博,演员,1901年2月1日,Clark Gable,美国,美国俄亥俄州,乱世佳人、一夜风流,水瓶座,奥斯卡最佳男主角奖,185cm,actor
p36,布拉德·皮特,演员/制片,1963年12月18日,Brad Pitt,美国,美国俄克拉荷马州肖尼市,燃情岁月，七宗罪，搏击俱乐部，无耻混蛋，史密斯夫妇，本杰明巴顿奇事，夜访吸血鬼，生命之树,射手座,1993年威尼斯国际电影节影帝、2007年威尼斯国际电影节影帝、2008年奥斯卡最佳男主角提名、2011年奥斯卡最佳男主角提名、1994年金球奖最佳男主角提名、、1995年金球奖最佳男配角奖,180cm,actor
p37,张丰毅,中国电影演员,1956年（丙申年）9月1日,"Zhang,Feng yi",中国,湖南省长沙市,骆驼祥子、人民的名义、赤壁、和平年代、历史的天空、霸王别姬、武媚娘传奇、白鹿原、长沙保卫战,处女座,第二十届中国戏剧梅花奖第二届童牛奖最佳成人表演奖、第17届中国电视剧飞天奖优秀男演员奖、第8届澳门国际电视节最佳男演员奖,null,actor
p38,格利高里·派克,演员,1916年4月5日,Gregory Peck,美国,美国，加利福尼亚州，拉霍亚,罗马假日、杀死一只知更鸟、爱德华大夫、乞力马扎罗的雪、鹿苑长春、凶兆,白羊座,奥斯卡最佳男主角、金球奖最佳男主角、美国电影学院终身成就奖、戛纳国际电影节终身成就奖、柏林国际电影节终身成就奖、、肯尼迪中心表演艺术奖和自由勋章、琼·赫肖尔特人道主义奖、美国电影艺术与科学学院主席、美国电影学院主席、美国电影协会主席、AFI百年百大演员,191cm,actor
p39,约瑟夫·高登-莱维特,演员、导演、编剧、制片,1981年2月17日,Joseph Gordon-Levitt,美国,"美国,加利福尼亚州,洛杉矶",和莎莫的500天、盗梦空间、蝙蝠侠：黑暗骑士崛起,水瓶座,美国电影金球奖最佳男主角提名、第1届青少年选择奖最佳TV男演员,176cm,actor
p40,克里斯托弗·普卢默,演员，制作人,1929年12月13日,Christopher Plummer,加拿大,加拿大安大略省多伦多,音乐之声，时光倒流七十年，荆棘鸟，惊爆内幕，最后一站，飞屋环游记，初学者,射手座,第84届奥斯卡最佳男配角奖、第69届美国金球奖最佳男配角奖、第65届英国电影学院奖最佳男配角奖、第29届艾美奖迷你剧最佳男主角奖,null,actor
p41,劳拉·琳妮,演员/制作人,1964年2月5日,Laura Linney,美国,美国纽约,约翰·亚当斯，如果还有明天,水瓶,null,1.70米,actor
p42,乔丹·长井,null,null,null,null,null,null,null,null,null,actor
p43,梁家辉,演员,1958年2月1日,Tony Leung Ka Fai,中国,中国香港,智取威虎山、寒战、长恨歌、黑社会、情人、爱在别乡的季节、92黑玫瑰对黑玫瑰、了不起的爸爸,水瓶座,四届香港电影金像奖最佳男主角奖、第27届台湾电影金马奖最佳男主角、第14届香港电影评论学会奖最佳男演员、第44届台湾电影金马奖最佳男配角   、第23届香港电影金像奖最佳男配角、、两届华语电影传媒大奖最佳男主角等,178cm,actor
p44,金·凯瑞,演员、编剧、制作人,1962年1月17日,Jim Carrey,加拿大/美国,加拿大安大略省纽马克特,楚门的世界、变相怪杰、冒牌天神、新抢钱夫妻,摩羯座,1998年金球奖最佳戏剧男演员、1999年金球奖最佳男主角、2006年获得“MTV世代奖”,null,actor
p45,周润发,演员,1955年（乙未年）5月18日（闰三月二十七）,Chow Yun Fat,中国,香港南丫岛,监狱风云、龙虎风云、上海滩、英雄本色、赌神、喋血双雄、纵横四海、秋天的童话、卧虎藏龙、无双,金牛座,三届香港电影金像奖最佳男主角、两届台湾电影金马奖最佳男主角、中国电影华表奖优秀境外华裔男演员奖、上海国际电影节华语电影杰出贡献奖、美国电影协会亚洲杰出演员奖、、法国杜维尔电影节终身成就奖、AZN亚洲卓越大奖终身成就奖奋斗经历被列入启思中学语文课本、香港特区政府颁发银紫荆星章、第30届亚太影展最佳男主角、两届美国亚裔艾美奖最佳男主角、香港演艺学院授予“荣誉院士”、城市大学授予荣誉文学博士学位、中国电影百年百位优秀演员,182cm,actor
p46,平采娜·乐维瑟派布恩,演员,1992年9月30日,พิมพ์ชนก ลือวิเศษไพบูลย์、Pimchanok Luevisadpaibul,泰国,泰国曼谷,初恋这件小事、火之迷恋、亲爱的鬼先生、缤纷之实、英雄少年,天秤座,2010年“TVPool Top Award”最佳新秀女演员奖,166cm,actor
p47,张震,演员、歌手,1976年10月14日,Chang Chen,中国,台湾省台北市,牯岭街少年杀人事件、春光乍泄、卧虎藏龙、最好的时光、吴清源、一代宗师、绣春刀、刺客聂隐娘,天秤座,4次提名台湾电影金马奖最佳男主角、3次提名香港电影金像奖最佳男配角、亚洲电影大奖最佳男演员、大阪电影节最佳男主角,178cm,actor
p48,比利·赞恩,演员，制作人，导演,1966-02-24,Billy Zane,美国,芝加哥,《泰坦尼克号》,双鱼座,null,null,actor
p49,艾玛·沃特森,演员，模特,1990年4月15日,Emma Charlotte Duerre Watson,英国,法国巴黎,哈利·波特、壁花少年、美女与野兽,白羊座,MTV电影奖先锋精神奖、青少年选择奖最佳剧情电影女演员、青少年选择奖最佳夏日电影女星,165cm,actor
p50,张柏芝,演员、歌手,1980年5月24日,Cecilia Cheung,null,中国香港,星语心愿、喜剧之王、蜀山传、河东狮吼、浪漫樱花、忘不了、大只佬、旺角黑夜、无极,双子座,十大劲歌金曲最受欢迎新人金奖、十大中文金曲最有前途新人金奖、第19届香港电影金像奖最佳新演员、第23届香港电影金像奖最佳女主角、香港电影评论学会最佳女演员奖、香港电影金紫荆奖最佳女主角、金太阳电影大赏最佳女演员、韩国电影大钟奖最佳女主角奖提名、纽约中国电影节亚洲杰出艺人,165cm,actor
p51,姜宏波,演员,1973年1月18日,BoBo,中国,黑龙江省齐齐哈尔市,《钢铁年代》《鬼子来了》《永远的田野》,摩羯座,2011年获得华鼎奖都市类最佳女演员奖项。 2013年度最具气质影响力赏奖。 电影频道传媒大奖最受传媒关注女主角奖,173厘米,actor
p52,入野自由,演员、声优、歌手,1988年2月19日,入野 自由（いりの みゆ，Irino Miyu）,日本,日本东京都,千与千寻、机动战士高达00、我们仍未知道那天所看见的花的名字、少年同盟、排球少年！！、阿松,双鱼座,null,170cm,actor
p53,刘嘉玲,演员、歌手,1965年12月8日,Carina Lau,中国,江苏苏州,自梳、阿飞正传、海上花、好奇害死猫、狄仁杰系列、无间道系列,射手座,第30届香港电影金像奖最佳女主角、第26届中国电影金鸡奖最佳女主角、法国南特三大洲电影节最佳女主角、第3届香港电影金紫荆奖最佳女主角、第9届大阪亚洲影展最佳女主角、、左岸名庄骑士荣誉会员,167cm,actor
p54,李来,null,1987-02-08,null,中国,辽宁大连人,null,null,null,185cm,actor
p55,柊瑠美,声优,1987年8月1日,ひいらぎ るみ,日本,东京都葛饰区,《从天而降的3亿2千万》 《千与千寻》,null,null,155cm,actor
p56,雅克·贝汉,演员、制作人、导演、编剧,1941年7月13日,Jacques Perrin,法国,法国巴黎,放牛班的春天、迁徙的鸟、海洋,巨蟹座,第31届威尼斯电影节沃尔皮杯-最佳男演员,null,actor
p57,摩根·弗里曼,演员，制片人，导演,1937年6月1日,Morgan Freeman,美国,美国田纳西州的孟菲斯,《七宗罪》、《冒牌天神》、《肖申克的救赎》、《遗愿清单》,null,第77届奥斯卡最佳男配角奖、美国电影学院终身成就奖,189cm,actor
p58,丹尼尔·雷德克里夫,演员/制片,1989年7月23日,Daniel Jacob Radcliffe,英国,伦敦,《哈利·波特》系列,狮子座,null,165cm,actor
p59,普路特·泰勒·文斯,演员,1960年7月5日,Pruitt Taylor Vince,美国,"美国,路易斯安那州,巴吞鲁日",《不法之徒》、《海上钢琴师》、《刺杀肯尼迪》、《唐·麦凯》,null,第49届艾美奖(1997) - 剧情类剧集-剧情类剧集最佳客座男演员。,null,actor
p60,加里·奥德曼,演员、导演,1958年3月21日,Gary Oldman,英国,英国伦敦,席德与南茜、这个杀手不太冷、切勿吞食、至暗时刻、锅匠，裁缝，士兵，间谍,白羊座,第90届奥斯卡金像奖最佳男主角奖、第84届奥斯卡金像奖最佳男主角奖（提名）,174cm,actor
p61,希斯·莱杰,演员,1979年4月4日,Heath Ledger,澳大利亚,澳大利亚珀斯,《断背山》、《蝙蝠侠：黑暗骑士》,白羊座,第81届奥斯卡金像奖最佳男配角奖、第78届奥斯卡金像奖最佳男主角提名、第66届美国电影电视金球奖最佳男配角奖、第62届英国电影学院奖最佳男配角奖,185cm,actor
p62,尊龙,演员,1952年10月13日,John Lone,美国,香港,末代皇帝、龙年、蝴蝶君、冰人四万年,天秤座,第43届金球奖最佳电影男配角奖（提名）、第45届金球奖最佳剧情电影男主角奖（提名）、第26届台湾电影金马奖特别奖、第11届卡普里好莱坞国际电影节终身成就奖、美国华人博物馆传承大奖、、第4届独立精神奖最佳男配角奖（提名）,172cm,actor
p63,约翰·C·赖利,演员、编剧、制片人,1965年5月24日,John Christopher Reilly,美国,"美国,伊利诺伊州,芝加哥",《泰瑞》,双子座,null,null,actor
p64,连姆·尼森,演员,1952年6月7日,Liam Neeson,爱尔兰,北爱尔兰巴利米纳,辛德勒的名单，飓风营救，金赛性学教授，傲气盖天,双子座,第66届奥斯卡最佳男主角提名、第53届威尼斯国际电影节最佳男演员、1993年百老汇托尼奖提名、2002年获英女王颁发OBE杰出勋章,193cm,actor
p65,汤姆·塞兹摩尔,演员,1961年11月29日,Tom Sizemore,美国,底特律,拯救大兵瑞恩,射手座,null,null,actor
p66,薇诺娜·瑞德,演员,1971年10月29日,Winona Ryder,美国,美国明尼苏达州威诺纳,《剪刀手爱德华》《惊情四百年》《纯真年代》《小妇人》《怪奇物语》,天蝎座,第66届奥斯卡奖最佳女配角提名、第67届奥斯卡奖最佳女主角提名、第48届金球奖最佳女配角提名、第51届金球奖最佳女配角获奖、第74届金球奖剧情类剧集最佳女主角提名,163cm,actor
p67,乌尔里希·穆埃,演员,1953年6月20日,Ulrich Mühe,德国,null,《窃听风暴》《间谍佐尔格》、《见证人》:《拜见希特勒》等。,null,《窃听风暴》获奥斯卡最佳外语奖,null,actor
p68,周冬雨,演员,1992年1月31日,Zhou Dongyu,中国,河北省石家庄市,山楂树之恋、七月与安生、同桌的你、喜欢你、后来的我们,水瓶座,第53届台湾电影金马奖最佳女主角、第23届香港电影评论学会大奖最佳女主角、第2届金砖国家电影节最佳女主角、第31届中国电影金鸡奖最佳女主角提名、第36届香港电影金像奖最佳女主角提名、、第8届澳门国际电影节最佳女主角、第14届中国电影华表奖优秀新人女演员、第56届西班牙巴利亚多利德国际电影节最佳女演员、第9届中国电影导演协会年度女演员奖,162cm,actor
p69,马龙·白兰度,演员,1924年4月3日,Marlon Brando,美国,美国，内布拉斯加州，奥马哈市,教父、码头风云、现代启示录、欲望号街车、叛舰喋血记、巴黎最后的探戈,白羊座,第27届奥斯卡金像奖最佳男主角奖、第45届奥斯卡金像奖最佳男主角奖、第5届戛纳国际电影节最佳男演员奖、两届美国电影金球奖最佳男主角奖、三届英国电影学院奖最佳外国男演员奖,178CM,actor
p70,彼得·奥图尔,演员,1932年8月2日,Peter Seamus Lorcan O'Toole,爱尔兰,爱尔兰高维郡？、英国西约克郡？,阿拉伯的劳伦斯、末代皇帝、特洛伊等,狮子座,奥斯卡终身成就奖、金球奖最佳男主角、美国影评人协会奖最佳男主角、美国国家评论协会奖最佳男主角、英国学院奖最佳英国男主角、、意大利电影金像奖最佳外国男演员、意大利电影金像奖最佳男配角、艾美奖最佳男配角,188cm,actor
p71,春川真澄,女演员,1935年11月16日,春川 ますみ,日本,日本栃木县宇都宫市,null,null,null,null,actor
p72,帕特里克·麦高汉,演员 / 导演 / 制片 / 编剧,1928-03-19,Patrick Joseph McGoohan,美国,null,《勇敢的心》《星银岛》,null,null,null,actor
p73,大卫·休里斯,演员/导演/编剧,1963年3月20日,David Thewlis,英国,英国布莱克,《哈里·波特与阿兹卡班的囚徒》、《赤裸》,双鱼座,null,191公分,actor
p74,姜文,演员、导演、编剧,1963年1月5日,Jiang Wen,中国,河北唐山,芙蓉镇、阳光灿烂的日子、鬼子来了、太阳照常升起、让子弹飞、红高粱、北京人在纽约、邪不压正,摩羯座,戛纳国际电影节评审团大奖、台湾电影金马奖最佳导演、大众电影百花奖最佳男演员、中国电视金鹰奖最佳男演员、香港电影金像奖最佳男配角、中国电影导演协会年度导演、上海国际电影节华语电影杰出贡献奖  、“2017年奥斯卡”新成员,183cm,actor
p75,甄子丹,导演、演员、动作指导,1963年（癸卯年）7月27日,Donnie Yen,中国,中国广东省广州市越秀区,叶问、导火线、追龙、精武门、皇家师姐IV直击证人、武侠、关云长、西游记之大闹天宫,null,三届台湾电影金马奖最佳动作设计奖、四届香港电影金像奖最佳动作设计奖、第13届中国电影华表奖优秀境外华裔男演员、第03届澳门国际电影节最佳男主角、第16届北京大学生电影节最佳男主角、、第15届华鼎奖中国最佳电影男演员、第02届铁象电影大赏最佳男主角、全球华语榜中榜亚洲影响力演员、2009年最具风格港台地区影视男演员,175cm,actor
p76,罗素·克洛,演员、导演、制片,1964年4月7日,Russell Crowe,新西兰,"新西兰,北岛,惠灵顿",角斗士、惊爆内幕、铁拳男人、美丽心灵 、危情三日、罗宾汉、悲惨世界,null,第73届奥斯卡金像奖最佳男主角、第59届金球奖最佳男主角,182cm,actor
p77,黄秋生,演员,1961年9月2日,Anthony Perry,中国,香港,《八仙饭店之人肉叉烧包》《伊波拉病毒》《野兽刑警》等,处女座,三届香港电影金像奖最佳男主角、两届香港电影金紫荆奖最佳男主角、三届香港电影评论学会大奖最佳男主角、两届香港电影金像奖最佳男配角、三届台湾电影金马奖最佳男配角,180cm,actor
p78,马修·布罗德里克,演员,1962年3月21日,Matthew Broderick,美国,美国纽约,《狮子王》系列、《王牌特派员》、《哥斯拉》、《超级女绑匪》、《窈窕疯人院》,null,05年好莱坞电影节最佳男演员奖、87年金球奖最佳男主角(提名)、84年土星奖最佳男演员(提名),173cm,actor
p79,萨拉·西尔弗曼,演员 / 制片 / 编剧 / 作曲,1970年12月1日,Sarah Silverman,美国,"美国,新罕布什尔州","无敌破坏王,跳支华尔兹,赌城圣约翰",射手座,null,170cm,actor
p80,拉塞尔·布兰德,滑稽表演家/演员/歌手/作家,1975年6月4日,Russell Brand,英国,英国埃塞克斯郡,忘掉莎拉·马歇尔,双子座,null,188 cm,actor
p81,莫文蔚,作词人、作曲人、音乐制作人、歌手、演员,1970年6月2日,Karen Mok,英国,中国香港,喜剧之王、如果没有你、盛夏的果实、忽然之间、食神、他不爱我、电台情歌、阴天、寂寞的恋人啊,双子座,香港电影金像奖最佳女配角、MTV亚洲大奖启发精神奖、CCTV-MTV音乐盛典最佳女歌手、两届台湾金曲奖最佳国语女歌手,167cm,actor
p82,佐伊·索尔达娜,演员,1978年6月19日,Zoe Saldana,美国,"美国,新泽西州",《幸福终点站》、《星际迷航》、《男生女生黑白配》、《阿凡达》、《银河护卫队》,双子座,土星奖最佳女主角、青少年选择奖最佳科幻女演员,170cm,actor
p83,狄龙,演员,1946年8月19日,Tommy Tam,中国,香港,刺马、楚留香、新独臂刀、魔剑侠情、英雄本色、中原镖局,狮子座,1973年金马奖优秀演技特别奖、1979年香港第25届亚太影展男主角、1986年第台湾金马奖最佳男主角、1999年香港金像奖最佳男配角、第12届香港电影金紫荆奖“卓越成就奖”,1.83米,actor
p84,志村乔,演员,1905年3月12日,Takashi Shimura,日本,日本兵库县,《罗生门》、《七武士》、《生之欲》、《白痴》等,双鱼座,null,null,actor
p85,宋在浩,演员,1939年3月10日,송재호,大韩民国,平安南道 平壤,《父母见上书》《明成皇后》,双鱼座,18届百想艺术大赏男子最佳演技赏,165cm,actor
p86,亨利·方达,演员、制片人,1905年5月16日,Henry Fonda,美国,美国，内布拉斯加州，格兰德岛,淑女夏娃、十二怒汉、金色池塘,金牛座,第53届奥斯卡荣誉奖第54届奥斯卡最佳男主角奖第39届金球奖最佳男主角奖,187cm,actor
p87,多姆纳尔·格里森,演员,1983-5-12,Domhnall Gleeson,爱尔兰,都柏林,时空恋旅人、机械姬、荒野猎人,金牛座,第10届爱尔兰电影电视学院奖最佳电影男配角提名,185cm,actor
p88,鲁伯特·格林特,演员,1988年8月24日,Rupert Grint、Rupert Alexander Lloyd Grint,英国,英国伦敦赫特福郡斯蒂夫尼奇,《哈利波特》系列电影、《人生驾驶课》、《樱桃炸弹》,处女座,2001年金卫星奖最佳新人奖、第38届人民选择奖最受欢迎卡司,178cm,actor
p89,奥黛丽·赫本,演员,1929年5月4日,Audrey Hepburn,英国,比利时布鲁塞尔,罗马假日、窈窕淑女、蒂凡尼的早餐、龙凤配、修女传、盲女惊魂记、战争与和平、谜中谜、甜姐儿,金牛座,奥斯卡最佳女主角、托尼奖最佳女主角、英国电影学院奖最佳女主角、美国电影金球奖最佳女主角、美国演员工会奖终身成就奖、艾美奖杰出个人成就奖、格莱美奖最佳儿童读诵专辑、AFI百年来最伟大的女演员第3名,170cm,actor
p90,朱莉·安德鲁斯,演员、歌手、作家、戏剧导演、舞蹈家,1935年10月1日,Julie Andrews、Julie Andrews Edwards,英国,英国萨里郡,《音乐之声》，《公主日记》，《欢乐满人间》,天秤座,金球奖音乐喜剧类最佳女主角、桂冠奖音乐剧表演奖、2001年歌唱家协会终身成就奖、第53届格莱美奖终身成就奖、、1955年世界戏剧奖、第76届威尼斯国际电影节终身成就奖,null,actor
p91,梅尔·吉布森,null,null,Mel Gibson,null,null,null,null,null,null,actor
p92,塞巴斯蒂安·科赫,演员,1962年 5月31日,Sebastian Koch,德国,null,null,双子座,null,180cm,actor
p93,陈强,演员,1918年11月11日,null,中国,河北省邢台市宁晋县徐家河村,留下他打老蒋、白毛女、红色娘子军、瞧这一家子、飞来横福,天蝎座,第1届大众电影百花奖最佳男配角奖、第13届大众电视金鹰奖最佳男配角奖、中国电影世纪奖：男演员奖、第17届金鸡百花电影节暨第29届大众电影百花奖终身成就奖,null,actor
p94,松田洋治,声优、演员,1967年10月19日,null,null,日本福冈,《二重心脏》,null,null,null,actor
p95,罗伯特·德尼罗,演员，导演，制片人,1943年8月17日,Robert De Niro/Robert Mario De Niro Jr.,美国，意大利（双国籍）,"美国,纽约",教父2、出租车司机、美国往事、愤怒的公牛、猎鹿人、盗火线、好家伙、拜见岳父大人系列,狮子座,第53届奥斯卡最佳男主角奖、第47届奥斯卡最佳男配角奖、第50届威尼斯电影节终身成就奖、第38届威尼斯电影节最佳男主角、第38届金球奖最佳男主角、、第68届美国电影电视金球奖终身成就奖,177cm,actor
p96,本·贝尔特,剪辑、演员、导演、编辑,1948年7月12日,Ben Burtt,美国,null,null,null,null,null,actor
p97,严志媛,演员,null,엄지원,韩国,null,null,null,null,null,actor
p98,内山昂辉,声优、演员,1990年8月16日,内山 昂輝（うちやま こうき，Uchiyama Kōki）,日本,埼玉县,噬魂师、机动战士高达UC、绝园的暴风雨、伪恋、甘城辉煌乐园救世主、Charlotte、YURI!!! on ICE,狮子座,2011年第5届声优奖 新人男优奖、2015年东京动画奖“年度最佳动画”声优奖,177cm,actor
p99,蒂姆·罗斯,演员、导演,1961年5月14日,Tim Roth,英国,英国伦敦,《落水狗》《别对我说谎》《海上钢琴师》,金牛座,第37届人民选择奖最受欢迎罪案类剧集执法者,170cm,actor
p100,艾玛·斯通,演员、歌手,1988年11月6日,Emma Stone,美国,美国亚利桑那州斯科茨代尔,绯闻计划、超凡蜘蛛侠、爱乐之城、鸟人,天蝎座,第89届奥斯卡金像奖最佳女主角、第73届威尼斯国际电影节最佳女演员、第74届金球奖音乐喜剧类最佳女主角、第70届英国电影学院奖最佳女主角,168cm,actor
p101,河正宇,演员，导演,1978年3月11日,Ha Jung Woo（英）하정우（韩）,韩国,韩国,恐怖直播、追击者、黄海、与罪犯的战争、国家代表、柏林、隧道、与神同行：罪与罚,双鱼座,第10届釜山影评家奖最佳男主角、第18届釜山影评家奖最佳男主角、第46届百想艺术大赏最佳男主角、第47届百想艺术大赏最佳男主角、第49届百想艺术大赏最佳男主角、、第14届釜山影评家奖最佳男主角、第5届亚洲电影大奖最佳男主角,184cm,actor
p102,张国荣,歌手、演员、音乐人,1956年9月12日,Leslie Cheung（英）、レスリーチャン（日）,中国,香港九龙,Monica、倩女幽魂、沉默是金、无心睡眠、风继续吹、当年情、追、有心人、有谁共鸣、春夏秋冬、我,处女座,美国CNN全球五大指标音乐人、香港乐坛最高荣誉金针奖首位打入韩国音乐市场的粤语歌手 柏林国际电影节评委、入选《大英百科全书》，《辞海》 、、中国电影百年百位优秀演员之一 、第十届香港电影金像奖最佳男主角 、日本影评人大奖最佳外语片男主角、十大劲歌金曲最受欢迎男歌星 、《日本电影旬报》20世纪百大外国男演员 美国CNN亚洲最伟大25位演员之一,175cm,actor
p103,尼古拉斯·凯奇,导演，演员，制片人,1964年（甲辰年）1月7日,Nicolas Cage,美国,美国 加利福利亚州 长滩,勇闯夺命岛、离开拉斯维加斯、变脸、空中监狱、战争之王、国家宝藏、魔法师的学徒,摩羯座,奥斯卡金像奖最佳男主角、金球奖最佳男演员、华鼎奖全球最佳男演员、英国学院奖最佳男主角提名,185cm,actor
p104,诺亚·艾默里奇,演员、制片,1965年02月27日,Noah Emmerich,null,美国纽约市,null,双鱼座,null,1.91 m,actor
p105,卡琳娜·卡普,演员,1980年9月21日,Kareena kapoor,印度,印度孟买,三傻大闹宝莱坞、我们一家人、猛然遇见你、难民,处女座,2011年荣获印度宝莱坞第56届电影观众奖最佳女配角,170cm,actor
p106,马丁·鲍尔萨姆,演员,1919年11月4日,Martin Balsam,美国,纽约布朗克斯区,null,null,null,null,actor
p107,拉尔夫·费因斯,演员，导演，制片人,1962年12月22日,Ralph Fiennes,英国,萨福克郡,辛德勒的名单、英国病人、公爵夫人、布达佩斯大饭店,摩羯座,第69届奥斯卡金像奖最佳男主角提名、第54届美国金球奖电影类剧情类最佳男主角提名、第66届美国金球奖电视类电视电影最佳男主角提名,null,actor
p108,艾德·哈里斯,演员、导演,1950年11月28日,Ed Harris,美国,美国新泽西州,阿波罗13号、勇闯夺命岛、楚门的世界、画家波拉克、兵临城下、美丽心灵、时时刻刻、阿帕鲁萨镇,null,四次奥斯卡提名、第70届金球奖电视类最佳男配角、第56届金球奖电影类最佳男配角、第2届美国演员工会奖最佳男配角,1.75米,actor
p109,艾丹·奎因,演员,1959年3月8日,Aidan Quinn,美国,美国,《早霜》《神秘约会》《燃情岁月》《基本演绎法》等。,双鱼座,入围艾美奖最佳男主角奖,183cm,actor
p110,莱昂纳多·迪卡普里奥,演员、制片人,1974年11月11日,Leonardo DiCaprio,美国(俄裔),洛杉矶,罗密欧与朱丽叶、泰坦尼克号、猫鼠游戏、飞行家、血钻、禁闭岛、盗梦空间、华尔街之狼、荒野猎人,天蝎座,三届美国电影电视金球奖最佳男主角奖、第88届奥斯卡金像奖最佳男主角奖、第47届柏林国际电影节最佳男主角奖、第69届英国电影学院奖最佳男主角奖、第22届美国演员工会奖最佳男主角奖,183cm,actor
p111,鲍勃·冈顿,演员和导演,1945年11月15日,Robert Patrick Gunton Jr.,美国,"美国,加利福尼亚,圣莫尼卡",《肖申克的救赎》、《蝙蝠》、《神探飞机头Ⅱ》、《死寂》、《完美风暴》,null,null,null,actor
p112,杰伊·巴鲁切尔,演员,1982年4月9日,Jay Baruchel,null,加拿大渥太华,《巫师学徒The Sorcerer's Apprentice 》等,null,null,null,actor
p113,海伦娜·伯翰·卡特,演员,1966年5月26日,Helena Bonham Carter,英国,"英国,伦敦,戈尔德斯格林",《鸽之翼》《搏击俱乐部》《理发师陶德》《哈利·波特》《爱丽丝梦游仙境》《国王的演讲》,双子座,第83届奥斯卡奖最佳女配角提名、第70届奥斯卡奖最佳女主角提名,157cm,actor
p114,阿沙·巴特菲尔德,演员,1997年4月1日,Asa Butterfield,英国,英国伦敦伊斯灵顿,雨果、安德的游戏、佩小姐的奇幻城堡,白羊座,2009年提名青年艺人大奖合拍片最佳年轻男演员、2012年提名青年艺人大奖最佳电影年轻男主角、2014年提名土星奖最佳年轻男演员,183cm,actor
p115,丽芙·泰勒,演员，模特,1977年7月1日,Liv Tyler,美国,"美国,纽约",《指环王》三部曲、《无敌浩克》、《世界末日》、《偷香》,巨蟹座,北美广播影评人协会奖最佳群戏、青少年选择奖最佳剧情/动作冒险电影女演员,178cm,actor
p116,黎明,歌手、演员、慈善事业工作者,1966年12月11日,Leon Lai Ming,中国,北京,相逢在雨中、今夜你会不会来、全日爱、心在跳、梅兰芳、甜蜜蜜、大城小事、玻璃之城、三更之回家,射手座,获颁铜紫荆星章、荣誉勋章四届劲歌金曲金奖两届十大劲歌金曲最受欢迎男歌星奖、七届叱咤乐坛流行榜男歌手奖2金1银4铜、三届十大中文金曲全球华人至尊金曲大奖、、三座四台联颁音乐大奖（2座大碟，1座歌手奖）、台湾电影金马奖最佳男主角奖、长春国际电影节最佳男主角奖、哈尔滨冰雪电影节杰出贡献奖、3届叱咤乐坛流行榜我最喜爱男歌手（97.98.99）、联合国儿会国际大使UNICEF总部颁发特使领使级联合国护照金马奖最佳原创电影歌曲奖、6座音乐录音带导演奖、中国原创音乐流行榜全球华人最杰出全能艺人、迈克尔杰克逊演唱会嘉宾、金像奖最佳原创电影歌曲奖,180cm,actor
p117,苏拉·沙玛,演员,1993年3月21日,Suraj Sharma,印度,新德里,少年派的奇幻漂流、百万金臂,白羊座,第66届英国电影和电视艺术学院奖最佳新星奖（提名）、第39届土星奖-最佳年轻演员奖,175cm,actor
p118,比尔·奈伊,演员,1949年12月12日,Bill Nighy,英国,英国·英格兰·萨里郡·凯特勒姆,《黑夜传说》、《黑夜传说3》、《全面回忆》,射手座,null,1.84米,actor
p119,黄渤,演员，导演，歌手,1974年8月26日,Bo Huang,中国,山东青岛,冰之下、一出好戏、疯狂的外星人、疯狂的赛车、斗牛、杀生、心花路放、亲爱的、民兵葛二蛋、锋刃,处女座,第46届台湾电影金马奖最佳男主角奖、第20届上海国际电影节最佳男演员奖、两届北京大学生电影节最佳男演员奖、中国电影导演协会年度男演员、第19届华鼎奖最佳男主角、中国电影表演艺术学会金凤凰奖第8届亚洲电影大奖最佳男配角奖,172cm,actor
p120,伊莱贾·伍德,演员、DJ,1981年1月28日,Elijah Jordan Wood,美国,美国爱荷华州,魔戒三部曲、深度谜案、罪恶之城、美丽心灵的永恒阳光,水瓶座,帝国杂志大奖最佳男主角奖、美国演员工会奖 最佳电影演员奖、Best Actor Of All Time Award'、土星奖最佳男演员,null,actor
p121,埃里·瓦拉赫,演员,1915年12月7日,Eli Wallach,美国,"美国,纽约,布鲁克林",《娇娃春情》《罂栗也是花》,null,第83届(2011)奥斯卡荣誉奖,null,actor
p122,罗伯特·泰勒,演员,1911年8月5日,Robert Taylor,美国,美国，内布拉斯加州,茶花女、魂断蓝桥、劫后英雄传,狮子座,好莱坞30年代最完美侧颜男星、40年代银幕上最受欢迎的浪漫情人、第11届金球奖最受欢迎的男演员,182.5cm,actor
p123,克里斯·奥唐纳,演员、制片,1970年6月26日,Chris O'Donnell,美国,"美国,伊利诺伊州,温内特卡",闻香识女人、男人止步、海军罪案调查处：洛杉矶,巨蟹座,null,178cm,actor
p124,郑有美,演员,1983年1月18日,정유미、Jung yumi,韩国,null,釜山行、熔炉、恋爱的发现、我们善熙、玉熙的电影,摩羯座,第20届韩国釜日电影奖最佳女主角奖、第14届釜山影评家奖最佳女主角奖、第33届黄金摄影奖最佳女演员奖、第27届韩国青龙电影奖最佳女配角奖、第42届韩国百想艺术大赏电影部门最佳新人女演员奖、、2014年KBS演技大赏迷你剧部门女子优秀演技奖,163cm,actor
p125,詹妮弗·康纳利,演员,1970年12月12日,Jennifer Lynn Connelly,美国,美国纽约州卡茨基尔,美丽心灵、美国往事、梦之安魂曲、血钻,射手座,第74届奥斯卡金像奖最佳女配角、第59届美国电影电视金球奖最佳女配角、第55届英国电影学院奖最佳女配角,175cm,actor
p126,井川比佐志,电影演员,1936年11月17日,null,日本,沈阳,《嗤笑伊右卫门》,null,null,null,actor
p127,玛丽·布奈尔,演员,1964-05-27,Marie Bunel,null,"法国,上塞纳省",null,双子座,null,null,actor
p128,凯特·布兰切特,演员,1969年5月14日,Cate Blanchett,澳大利亚,澳大利亚维多利亚郡墨尔本,蓝色茉莉，伊丽莎白，我不在那儿，通天塔，本杰明巴顿奇事，飞行家，卡罗尔,金牛座,第77届奥斯卡最佳女配角、第86届奥斯卡最佳女主角、金球奖最佳女主角、英国电影学院奖最佳女演员、威尼斯国际电影节最佳女演员,174cm,actor
p129,威尔·史密斯,演员、歌手、制片人,1968年9月25日,Willard Christopher Smith Jr,美国,美国宾夕法尼亚州费城,拳王阿里、我是传奇、当幸福来敲门、黑衣人、绝地战警、独立日、机械公敌、全民超人汉考克,天秤座,第74届奥斯卡金像奖最佳男主角提名、第79届奥斯卡金像奖最佳男主角提名、第31届格莱美奖最佳说唱表演奖、第30届法国电影凯撒奖荣誉凯撒奖,183cm,actor
p130,三船敏郎,演员、制片人、导演,1920年4月1日,Toshirô Mifune,日本,中国山东省青岛市,用心棒、泥醉天使、罗生门、七武士、红胡子、竹取物语、战国英豪、低下层,白羊座,第30届日本电影蓝丝带奖最佳男演员奖、第30届威尼斯国际电影节最佳男演员奖、第26届威尼斯国际电影节最佳男演员奖,175cm,actor
p131,佐仓绫音,声优,1994年1月29日,佐倉 綾音（さくら あやね，Sakura Ayane）,日本,东京都,食梦者玛莉、请问您今天要来点兔子吗？、Charlotte、我的英雄学院、清恋、五等分的新娘,水瓶座,第12届声优奖 助演女优赏及主持赏,157cm,actor
p132,萨姆·沃辛顿,演员、制作人,1976年8月2日,Sam Worthington,澳大利亚,英国萨里郡哥达明镇,阿凡达、诸神之战、诸神之怒、终结者2018、一夜迷情,狮子座,第36届土星奖最佳男主角、第12届青少年选择奖最佳奇幻电影男演员提名,178cm,actor
p133,让·雷诺,演员,1948年7月30日,Jean Reno,法国,摩洛哥卡萨布兰卡,《这个杀手不太冷》《暗流》《达·芬奇密码》,狮子座,1994年凯撒奖最佳男主角提名、1995年凯撒奖最佳男主角提名、2004年法国国家勋章,191cm,actor
p134,黛安·基顿,演员,1946年1月5日,Diane Keaton,美国,美国洛杉矶,《教父》，《赤色分子》等,null,第50届奥斯卡最佳女主角奖,171厘米,actor
p135,李璟荣,演员、编剧、导演,1960年12月12日,이경영、Kyung-yong Yi,韩国,韩国忠清北道,火花 少数意见 举报者 归天图,射手座,第15届 釜山电影评价家协会奖-最佳男演员、第17届 韩国电影青龙奖-最佳新人导演奖、第32届 韩国百想艺术大赏-电影类最佳男演员奖、第33届 韩国电影大钟奖-最佳男配角奖、第52届韩国百想艺术大赏最佳男配角奖,173cm,actor
p136,吴孟达,演员；编剧,1953年01月02日,Ng Man Tat,中国,福建厦门,笑林小子、逃学威龙、破坏之王、九品芝麻官、武状元苏乞儿、食神、少林足球、流浪地球,摩羯座,第10届香港电影金像奖最佳男配角奖,175cm,actor
p137,鲍勃·彼德森,演员，编剧，导演,1969-10-11,Bob Peterson,美国,美国，夏威夷，檀香山,玩具总动员3，飞屋环游记,天秤座,null,null,actor
p138,张学友,歌手、演员,1961年7月10日,Jacky Cheung,中国,香港,如果这都不算爱丶心如刀割,巨蟹座,十大劲歌金曲最受欢迎男歌星、十大中文金曲最高荣誉金针奖台湾金曲奖最佳国语男歌手、世界音乐大奖全球销量最高华人歌手奖 香港十大杰出青年世界十大杰出青年ChannelV最受欢迎亚洲艺人、第8届香港电影金像奖最佳男配角奖、第27届台湾电影金马奖最佳男配角、第32届印度国际电影节最佳男主角,176cm,actor
p139,曾志伟,演员、导演、制片人、主持人,1953年4月14日,Eric Tsang,中国,香港,哪吒、无间道，甜蜜蜜，三岔口、何方神圣、杀手之王、五福星撞鬼、卧虎、福星闯江湖、神通乡巴佬,白羊座,第2届香港电影金紫荆奖最佳男配角奖、第11届香港电影金像奖最佳男主角 、第16届香港电影金像奖最佳男配角 、第35届台湾电影金马奖最佳男配角 、第8届中国长春电影节最佳男配角奖 、第36届香港电影金像奖最佳男配角,null,actor
p140,詹姆斯·厄尔·琼斯,演员,1931年1月17日,James Earl Jones,美国,"美国,密西西比,阿卡巴特拉",《星球大战》;《狮子王》,摩羯座,美国演员工会终身成就奖、第71届托尼奖终身戏剧成就奖 第84届奥斯卡终生成就奖,null,actor
p141,仲代达矢,演员,1932年12月13日,Tatsuya Nakadai,日本,日本东京都,《用心棒》、《人间的条件》、《影子武士》、《乱》、《忠犬八公物语》等。,null,《每日电影》最佳男主角奖,null,actor
p142,默罕默德·阿米尔·纳吉,演员,null,null,null,null,麻雀之歌,null,第58届柏林国际电影节银熊奖-最佳男演员奖,null,actor
p143,周星驰,演员、导演、编剧、监制、制片人、出品人、商人,1962年6月22日,Stephen Chow,中国,香港,赌圣、逃学威龙系列、唐伯虎点秋香、大话西游系列、喜剧之王、少林足球、功夫、长江7号,巨蟹座,获得两届香港电影金像奖最佳影片、第21届香港电影金像奖最佳导演、第21届香港电影金像奖最佳男主角、第42届台湾电影金马奖最佳导演、第42届台湾电影金马奖最佳剧情片、、第25届台湾电影金马奖最佳男配角、第28届大众电影百花奖优秀故事片、第23届香港电影评论学会大奖最佳导演、第8届香港电影评论学会大奖最佳电影、第2届香港电影评论学会大奖最佳男主角、第37届亚太电影节最佳男主角、第13届亚洲电影博览会最佳导演、获得两届香港电影金紫荆奖最佳影片、第01届香港电影金紫荆奖最佳男主角、国际杰人会港澳杰人之星等,174cm,actor
p144,雨果·维文,演员，配音，制片,1960年4月4日,Hugo Weaving,澳大利亚,尼日利亚 伊巴丹,《黑客帝国》，《魔戒》，《V字仇杀队》，《美国队长》,白羊座,澳大利亚学院奖1991、1998、2005年最佳男主角 蒙特利尔电影节最佳男主角,188cm,actor
p145,米歇尔·威廉姆斯,演员,1980年9月9日,Michelle Williams,美国,"美国,蒙大拿州,卡利斯佩尔",《断背山》《蓝色情人节》《我与梦露的一周》,处女座,第69届美国金球奖最佳女主角、第84届奥斯卡最佳女主角提名、2012年全球最美女性第7位,163cm,actor
p146,千秋实,null,1917年4月28日,Minoru Chiaki,null,日本北海道中川郡恩根内村,null,null,null,null,actor
p147,道恩·强森,摔跤手、演员、制片、配音,1972年5月2日,Dwayne Douglas Johnson,美国,加利福尼亚州海沃德市,速度与激情系列，蝎子王系列，特种部队2，末日崩塌，勇敢者游戏：决战丛林,金牛座,WWE冠军x6、洲际冠军x2、WWE双打冠军x3、2000年皇家大战优胜者,195cm,actor
p148,吴念真,导演、作家、编剧、演员、主持人,1952年8月5日,Wen-ching Wu,中国,台湾省台北县瑞芳镇,海滩的一天、老莫的第二个春天、芳草碧连天、悲情城市、多桑,null,第8届新加坡国际电影节影评人奖、第10届台湾电影金马奖最佳编剧奖（提名）、第41届台湾电视金钟奖资讯综艺类最佳主持人奖、第5届金曲奖最佳方言歌曲作词人奖、第37届台湾地区最高行政机构文化奖,null,actor
p149,劳伦斯·菲什伯恩,演员、制作人、导演、编剧,1961-07-30,Laurence Fishburne,美国,美国佐治亚州奥古斯塔,《王者之旅》、《Bobby Fischer》,狮子座,null,184cm,actor
p150,费雯·丽,演员,1913年11月5日,Vivien Leigh,英国,印度孟加拉邦大吉岭,乱世佳人、欲望号街车、魂断蓝桥、汉密尔顿夫人等,天蝎座,第12届奥斯卡金像奖最佳女主角、第24届奥斯卡金像奖最佳女主角、托尼奖最佳女主角、英国电影学院奖最佳女主角、威尼斯国际电影节最佳女主角、纽约影评人协会奖最佳女主角、好莱坞星光大道纪念星,161cm,actor
p151,娜塔莉·波特曼,演员、导演、制片人、编剧,1981年6月9日,Natalie Portman、Natalie Hershlag,美国,以色列耶路撒冷,这个杀手不太冷、V字仇杀队、黑天鹅、星球大战前传、偷心、第一夫人,双子座,第83届奥斯卡金像奖最佳女主角、第68届美国金球奖最佳女主角、第64届英国电影学院奖最佳女主角、第62届美国金球奖最佳女配角、第17届美国演员工会奖最佳女主角,160cm,actor
p152,奥兰多·布鲁姆,演员、制片人,1977年1月13日,Orlando Jonathan Blanchard Bloom,英国,"英国,英格兰,肯特郡,坎特伯雷",《魔戒三部曲》《加勒比海盗》《天国王朝》《霍比特人》,摩羯座,欧洲电影奖观众奖最佳男演员、MTV电影奖最具突破男演员、好莱坞电影奖最具突破表演奖、MTV电影奖最佳打戏,180cm,actor
p153,李·科布,演员,1911年12月8日,Lee J. Cobb,美国,null,null,null,奥斯卡奖,null,actor
p154,汤姆·克鲁斯,演员、制片人,1962年7月3日,Tom Cruise、Thomas Cruise Mapother IV,美国,纽约,壮志凌云、雨人、生于七月四日、夜访吸血鬼、甜心先生、碟中谍、木兰花、大开眼戒,巨蟹座,第62届奥斯卡奖最佳男主角提名、第69届奥斯卡奖最佳男主角提名 、第47届美国金球奖最佳男主角 、第54届美国金球奖最佳男主角,173cm,actor
p155,石田百合子,演员、配音、随笔作家,1969年10月3日,石田ゆり子、Yuriko Ishida,日本,日本爱知县名古屋市,《101次求婚》、《小孤岛大医生》,天秤座,第29届(2006)最佳女配角提名,163cm,actor
p156,让-巴蒂斯特·莫尼耶,演员，歌手,1990年12月22日,Jean·Baptiste Maunier,法国,法国瓦尔省布里尼奥勒,《放牛班的春天》、《Concerto Pour Deux Voix》,摩羯座,null,195cm,actor
p157,史蒂夫·卡瑞尔,演员,1962年8月16日,Steve Carell,美国,美国马萨诸塞州康科德市,神偷奶爸、冒牌天神2、办公室、疯狂愚蠢的爱、丹的真实生活,狮子座,第87届奥斯卡金像奖最佳男主角奖（提名）,175cm,actor
p158,童孝熙,演员,null,Hyo-hee Dong,null,null,《茶和毒药》，《爱，回家》,null,null,null,actor
p159,黛安·韦斯特,演员,1948年3月28日,Dianne Wiest,美国,美国密苏里州堪萨,《开罗紫玫瑰》《汉娜姐妹》《温馨家庭《子弹横飞百老汇》等,null,二次获得奥斯卡奖提名、二次获得奥斯卡最佳女配角奖,null,actor
p160,苏菲·玛索,演员、导演、编剧,1966年11月17日,Sophie Marceau,法国,法国巴黎,初吻、勇敢的心、芳芳、云上的日子、当爱变成习惯,天蝎座,第8届恺撒奖最佳新人女演员、第26届蒙特利尔电影节最佳导演奖,173cm,actor
p161,基努·里维斯,演员、制作人、导演,1964年9月2日,Keanu Charles Reeves,加拿大、美国、英国,黎巴嫩贝鲁特,《终极豪情》、《生死时速》、《太极侠》、《黑客帝国》系列、《疾速追杀》,处女座,第1届MTV电影奖最性感男演员、第4届MTV电影奖最佳银幕搭档、第9届MTV电影奖最佳男演员,185cm,actor
p162,凯文·科斯特纳,导演、演员、制片人,1955年1月18日,Kevin Costner,美国,美国加利福尼亚州洛杉矶,与狼共舞、完美世界、保镖、刺杀肯尼迪,摩羯座,第63届奥斯卡金像奖最佳导演奖、第63届奥斯卡金像奖最佳影片奖、第41届柏林国际电影节艺术杰出成就奖、第48届美国电影电视金球奖最佳导演奖,185cm,actor
p163,阿米尔·汗,演员，导演，制片人,1965年3月14日,Aamir Hussain Khan，عامر حسسیں خان,印度共和国,印度孟买,印度往事、三傻大闹宝莱坞、地球上的星星、幻影车神、我的个神啊、摔跤吧！爸爸、神秘巨星等,双鱼座,2002年，奥斯卡最佳外语片提名、2003年，Padma Shri奖、2010年 Padma Bhushan奖,168cm,actor
p164,塔拉吉·P·汉森,演员,1970-09-11,Taraji P. Henson,null,华盛顿,疑犯追踪，嘻哈帝国，本杰明·巴顿奇事,处女座,null,null,actor
p165,休·杰克曼,演员,1968年10月12日,Hugh Jackman/Hugh Michael Jackman,澳大利亚,澳大利亚-悉尼,《范海辛》、《X战警》系列、《金刚狼》系列、《悲惨世界》,天秤座,第70届金球奖音乐喜剧类最佳男主角奖、第85届奥斯卡金像奖最佳男主角提名、第66届英国电影学院奖最佳男主角提名、第61届圣塞巴斯蒂安国际电影节终生成就奖、第58届托尼奖最佳音乐剧男主角奖,188cm,actor
p166,李·范·克里夫,演员,1925年1月9日,Lee Van Cleef,美国,美国新泽西,迅雷禁区 纽约大逃亡 黄昏双镖客,null,奥斯卡金像奖最佳男主角,null,actor
p167,爱德华·阿斯纳,演员,1929年11月15日,Edward Asner,美国,美国，密苏里州，堪萨斯城,《玛丽·泰勒·穆尔秀》、《卢·格兰特》,天蝎座,飞屋环游记,null,actor
p168,杰拉德·巴特勒,演员，制片人,1969年11月13日,Gerard Butler,英国,苏格兰格拉斯哥,《斯巴达300》、《守法公民》、《歌剧魅影》等,天蝎座,null,188cm,actor
p169,伊尔凡·可汗,演员,1967年01月07日,Irrfan Khan/Sahabzade Irrfan Ali Khan,印度,印度-拉贾斯坦邦-斋浦尔,少年派的奇幻漂流、侏罗纪世界、午餐盒、坚强的心、地铁人生、同名同姓、起跑线,摩羯座,2011年 Padma Shri奖、2008年演员工会奖、Stardust 最佳男配角奖(提名)、2007年 Filmfare 最佳男配角奖、2003年 Filmfare 最佳反派奖、、2014年 第8届亚洲电影大奖 最佳男主角,183cm,actor
p170,迈克尔·凯恩,null,1994-02-18,Michael Cain,英格兰,英格兰,null,null,null,null,actor
p171,柳承龙,电影演员,1970年11月29日,류승룡,韩国,韩国忠清南道舒川,7号房的礼物、最终兵器、我妻子的一切、光海，成为王的男人,射手座,韩国青龙电影奖 最佳男配角奖、韩国电影大钟奖 最佳男配角奖、韩国百想艺术大赏电影部门 大奖、韩国釜日电影奖 最佳男配角奖、韩国电影大钟奖 最佳男主角奖,175CM,actor
p172,田中裕子,演员,1955年4月29日,たなか ゆうこ、Yûko Tanaka,日本,日本大阪府池田市,北斋漫画、天城山奇案、阿信、夜叉、萤火虫、火火、何时是读书天、苍穹之昴,金牛座,第5届日本电影学院奖最佳女配角、新人奖、第7届蒙特利尔国际电影节最佳女演员奖、第15届日本电影专业大奖最佳女主角奖、第15届日本评论家电影大奖最佳女主角奖、第15届中国金鸡百花电影节国际影展观众最喜爱的外国女演员、、第26届日本电影蓝丝带奖最佳女主角奖、第30届日本报知电影奖最佳女主角奖 、第60届日本每日映画大奖最佳女主角奖,160cm,actor
p173,孔刘,演员,1979年7月10日,공유（韩文）Gong Yoo（英文）,韩国,釜山广域市,熔炉、釜山行、孤单又灿烂的神-鬼怪,巨蟹座,第53届百想艺术大赏电视部门最佳男演员奖、第5届美国DramaFever大奖最佳男演员奖、2011年韩国青龙电影奖最高人气奖、2007年MBC演技大赏优秀男演员奖、2006年MBC演技大赏迷你剧演技奖、、2003年SBS演技大赏新人奖、2018年福布斯韩国名人榜”第24位 ,184cm,actor
p174,艾莉丝·布拉加,演员,1983年4月15号,Alice Braga,巴西,圣保罗,null,白羊座,null,null,actor
p175,杰夫·格尔林,演员、制片人、导演、编剧,1962-06-05,Jeff Garland,美国,伊利诺伊州芝加哥,null,双子座,null,null,actor
p176,杰森·席格尔,演员，编剧，制片人,1980年1月18日,Jason Segel,美国,美国加利福尼亚州洛杉矶,《老爸老妈的浪漫史》，《布偶大电影》,null,2000年获得青年艺人大奖电视剧最佳年轻演员群戏的提名,1.93m,actor
p177,埃琳诺·帕克,演员,1922年6月26日,Eleanor Parker,美国,美国，俄亥俄州，Cedarville,笼困、铁窗红泪等,巨蟹座,第15届威尼斯国际电影节最佳女演员奖,null,actor
p178,比尔·努恩,演员 /制片,1953年10月20日,Bill Nunn,美国,美国宾夕法尼亚州匹兹堡,《海上钢琴师》、《修女也疯狂》,天秤座,《海上钢琴师》、《堕落天使》、《修女也疯狂》等,null,actor
p179,蒂兹亚娜·罗达托,演员,1976-11-10,Tiziana Lodato,意大利,null,内陆、荣誉与崇敬,天蝎座,null,null,actor
p180,梁朝伟,演员、歌手,1962年6月27日,Tony Leung Chiu Wai,中国,中国香港,花样年华、无间道、重庆森林、色·戒、悲情城市、春光乍泄、2046、海上花、英雄、赤壁、一代宗师,巨蟹座,第53届戛纳国际电影节最佳男演员、获得五届香港电影金像奖最佳男主角、获得三届台湾电影金马奖最佳男主角、获得三届香港电影金紫荆奖最佳男主角、获得两届香港电影金像奖最佳男配角、、第02届亚洲电影大奖最佳男主角、第11届香港电影评论学会大奖最佳男主角、担任第64届柏林国际电影节主单元评委、获得十一届香港电影金像奖最佳男主角提名、获得七届台湾电影金马奖最佳男主角提名、获得两届十大劲歌金曲最受欢迎国语歌曲奖、获得两届华语电影传媒大奖最受欢迎男演员、第01届华语电影传媒大奖最佳男主角、法国艺术与文学军官勋章等,174cm,actor
p181,加布里埃尔·安瓦尔,舞蹈演员、制片人,1970年2月4日,Gabrielle Anwar,英格兰,德尔塞克斯郡,猪与珠、闻香识女人、小生护驾、豪情三剑客,水瓶座,1993年曾被Am国《人物》杂志评作全球最漂亮的50位人物之一。,null,actor
p182,伊恩·麦克莱恩,演员，编剧，制片,1939年5月25日,Ian McKellen,null,英国，米尔敦,《指环王》系列，《霍比特人》系列,双子座,第56届柏林国际电影节终身成就金熊奖、第54届美国电影电视金球奖电视类-最佳男配角,null,actor
p183,马特·达蒙,演员，制片，编剧，导演,1970年10月8日,Matt Damon,美国,美国马萨诸塞州波士顿剑桥市,心灵捕手、天才雷普利、极乐空间、谍影重重系列、无间行者、火星救援、长城,天秤座,第70届奥斯卡最佳原创剧本奖第70届奥斯卡最佳男主角提名、第82届奥斯卡最佳男配角提名、第88届奥斯卡最佳男主角提名,5英尺10英寸(178cm),actor
p184,岛本须美,声优、演员,1954年12月8日,島本 須美（しまもと すみ，Shimamoto Sumi）,日本,日本高知县,《风之谷》娜乌西卡、《相聚一刻》音无响子,射手座,null,null,actor
p185,杰克·吉伦哈尔,演员、制片,1980年12月19日,Jake Gyllenhaal,美国,"美国,加利福尼亚州,洛杉矶",《死亡幻觉》《后天》《断背山》《爱情与灵药》《源代码》《夜行者》《夜行动物》,射手座,第78届奥斯卡金像奖最佳男配角提名、两届美国电影金球奖最佳男主角提名、第59届英国电影学院奖最佳男配角获奖、两届英国电影学院奖最佳男主角提名,183cm,actor
p186,郑镇荣,演员,1964年10月16日,정진영 /Jin-yeong Jeong,韩国,首尔,王的男人、风之国、BRAIN、江南1970,天秤座,第19届韩国青龙电影奖最佳男配角奖、第36届韩国电影大钟奖最佳男配角奖、第42届韩国百想艺术大赏电影类奖项-最佳男演员奖提名、2008KBS演技大赏迷你剧类男子优秀演技赏、第33届韩国黄金摄影奖最佳男演员、、2011KBS演技大赏迷你剧类男子优秀演技赏,173cm,actor
p187,瑞安·雷诺兹,演员,1976年10月23日,Ryan Reynolds,加拿大,加拿大不列颠哥伦比亚省温哥华,《假结婚》《活埋》《死侍》《疯狂原始人》,天秤座,第25届西班牙戈雅奖最佳男演员提名、MTV电影奖最佳喜剧表演、人民选择奖最受欢迎电影超级英雄、土星奖最佳男主角提名、第43届人民选择奖最受喜爱电影男演员,188cm,actor
p188,后藤弘树,声优,1985年11月16日,後藤 ヒロキ（ごとう ヒロキ，Gotou Hiroki）,日本,日本埼玉县,null,天蝎座,null,175cm,actor
p189,克尔斯滕·邓斯特,演员,1982年4月30日,Kirsten Dunst,美国、德国,美国新泽西州波因特普莱森特,夜访吸血鬼、冰血暴第二季、蜘蛛侠3,金牛座,第64届戛纳国际电影节最佳女演员奖,170CM,actor
p190,金智英,演员，电台DJ，音乐制作人,1974年9月7日,김지영,韩国,首尔,《番茄》，《孪生兄妹》，《北京我的爱》,处女座,2006SBS演技大赏演技奖、第二十九届青龙电影节最佳女配角,163cm,actor
p191,朱茵,演员，歌手,1971年10月25日,Athena Chu,中国,香港,大话西游之大圣娶亲、射雕英雄传、萧十一郎、雪山飞狐、逃学威龙2,天蝎座,92年香港演艺学院之最佳女演员奖、94年壹电视十大最受欢迎电视艺人、第39届国际艾美奖最佳女演员提名、第36届金马奖最佳女主角提名,160CM,actor
p192,坂本千夏,声优,1959年8月17日,坂本 千夏（さかもと ちか，Sakamoto Chika）,日本,日本东京都,《数码兽大冒险》亚古兽、《数码兽组合战争》高吼兽,狮子座,null,154cm,actor
p193,俞承豪,演员,1993年8月17日,"유승호,Yoo Seung Ho,ユ・スンホ",韩国,韩国仁川市,《不是机器人》、《君主-假面的主人》、《Remember》、《想你》、《武士白东秀》、《善德女王》,狮子座,2017年MBC演技大赏最优秀演技奖、2016年SBS演技大赏优秀演技奖、2009年MBC演技大赏新人奖、2007年SBS演技大赏最佳青少年演技奖、2005年KBS演技大赏最佳青少年演技奖、、20s Choice年轻男艺人大赏、韩国电影大赏最佳童星奖,175cm,actor
p194,范·迪塞尔,演员/制片/编剧/导演,1967年7月18日,Vin Diesel,美国,美国，纽约,《星际传奇》、《极限特工》、《速度与激情》系列电影,巨蟹座,2015年居福布斯全球演员富豪榜排名第三位,6  (1.8288 ) 约合183厘米,actor
p195,艾丽莎·奈特,演员、配音,1975年4月15日,Elissa Knight,美国,美国加利福尼亚州圣克鲁斯,null,白羊座,null,null,actor
p196,刘德华,演员，歌手，填词人，制片人,1961年9月27日,Andy Lau，Lau Tak Wah,中国,香港新界大埔镇泰亨村,无间道、天若有情、旺角卡门、桃姐、天下无贼、忘情水、谢谢你的爱、爱你一万年、冰雨、今天,天秤座,三届香港电影金像奖最佳男主角、两届台湾电影金马奖最佳男主角、1985-2005年全港最高累积票房香港男演员奖、中国电影百年形象大使、釜山电影节亚洲最有贡献电影人奖、、六届十大劲歌金曲最受欢迎男歌星、两届ChannelV亚洲最受欢迎歌手、世界十大杰出青年香港特别行政区荣誉勋章佩戴者、吉尼斯世界纪录中获奖最多的香港男歌手,174cm,actor
p197,倍赏千惠子,影视演员，歌手,1941年6月29日,ばいしょう　ちえこ　Baishou chieko,日本,日本东京都,《寅次郎的故事》、《幸福的黄手帕》、《远山的呼唤》《车站》,巨蟹座,蒙特利尔国际电影节特别奖、日本电影艺术科学院女主角奖、电影旬报、每日电影最佳女主角奖、田中绢代奖、东京动画最佳配音奖、、文部大臣奖-她是日本影坛第四位获此殊荣的人,null,actor
p198,陈冲,演员、导演、编剧,1961年4月26日,Joan Chen,美国,上海,小花、红玫瑰与白玫瑰、末代皇帝、意、诱僧,金牛座,两届台湾电影金马奖最佳女主角 第35届台湾电影金马奖最佳导演、第3届大众电影百花奖最佳女主角、第1届香港电影评论学会大奖最佳女主角、第2届亚洲电影大奖最佳女配角、、第8届华语电影传媒大奖最佳女配角、第5届电影频道传媒大奖最受关注女演员、澳大利亚电影学院最佳女主角、第27届夏威夷国际电影节表演成就奖、柏林国际电影节主单元评委、奥斯卡终身评委,165cm,actor
p199,约翰尼·德普,演员，音乐人，制片，编剧，导演，画家,1963年6月9日,Johnny Depp,美国,"美国,肯塔基州,欧文斯伯勒",《剪刀手爱德华》《加勒比海盗》《寻找梦幻岛》《理发师陶德》《爱丽丝梦游仙境》,双子座,第76届奥斯卡奖最佳男主角提名、第77届奥斯卡奖最佳男主角提名、第80届奥斯卡奖最佳男主角提名、第65届美国电影金球奖最佳男主角、第24届荣誉凯撒奖、第43届人民选择奖最受喜爱电影偶像,178cm,actor
p200,秦岚,演员、歌手,1981年7月17日,Qin Lan,中国,辽宁省沈阳市沈河区,延禧攻略、又见一帘幽梦、绣娘兰馨、还珠格格3、大唐女将樊梨花、非缘勿扰、咱们相爱吧,巨蟹座,第二届星光大典内地年度最受欢迎女演员 第三届英国万像国际华语电影节最具潜力女演员奖 第七届亚洲电影节“最佳女配角”提名 第七届中国金鹰电视艺术节“最佳女演员奖”提名,165cm,actor
p201,永井一郎,声优、演员,1931年5月10日,永井 一郎（ながい いちろう，Nagai Ichirō）,日本,日本大阪府池田市,《海螺小姐》矶野波平,金牛座,null,160cm,actor
p202,亚美莉卡·费雷拉,演员，制片,1984年4月18日,America Ferrera,美国,美国加州洛杉矶,《丑女贝蒂》、《牛仔裤的夏天》、《狗镇议员》,白羊座,2007年美国金球奖喜剧或音乐电视剧最佳女演员奖、2007年黄金时段艾美奖喜剧电视剧最佳女主角奖,155cm,actor
p203,毕克,上海电影译制厂配音演员、导演,1931年7月21日,null,中华人民共和国,山东济南（祖籍山东平阴）,《音乐之声》，《尼罗河上的惨案》，《追捕》，,null,《远山的呼唤》（兼主配）获文化部1981年优秀译制片奖、《谜中之谜》（兼主配）获1989年广播电影电视部优秀译制片奖,null,actor
p204,塔布,null,null,null,null,null,null,null,null,null,actor
p205,渡边谦,演员,1959年10月21日,Ken Watanabe,日本,日本新泻县,《蒲公英》《Taiga》《最后的武士》《愤怒》,天秤座,亚洲沃克电影奖最佳男配角、美国《时代》封面人物,184cm,actor
p206,弗朗索瓦·克鲁塞,演员,1955-09-21,François Cluzet,法国,法国巴黎,不可告人  触不可及,处女座,第24届东京国际电影节主竞赛单元-最佳男演员奖、第32届凯撒奖-最佳男演员、第25届欧洲电影奖-最佳男演员（提名）,1.74m,actor
p207,维拉·法梅加,演员,1973年8月6日,Vera Farmiga,美国,美国新泽西州,在云端，贝茨旅馆,狮子座,null,171cm,actor
p208,里克·奥巴瑞,社会活动家、海豚训练师、影人,1939-10-14,Richard O'Barry,美国,null,《死亡之喉》、《大螃蟹》、《海豚湾》,天秤座,冒死揭露日本屠杀海豚行径，在全世界范围内掀起了保护海豚热潮、开辟并革新了海豚驯养业,null,actor
p209,木村拓哉,演员、歌手,1972年11月13日,木村拓哉、きむらたくや、,日本,日本东京,悠长假期、恋爱世纪、美丽人生、律政英雄、GoodLuck!!,天蝎座,《ANAN》15年连续最受欢迎男性、日剧学院赏获最佳男主角次数最多,176cm,actor
p210,王祖贤,演员、歌手,1967年1月31日,Joey Wong,中国,台湾省台北市,倩女幽魂、青蛇、美丽上海、游园惊梦、东方不败风云再起、赌神,水瓶座,西班牙锡切斯奇幻电影节影后、香港电影金像奖最佳女主角提名、九十年代香港影坛四大花旦之一、1991年台湾十佳女明星、90年日本十大外国女明星第一位、、日本《Road Show》杂志最受欢迎外籍艺人,172cm,actor
p211,尹秀晶,演员,1944年7月22日,윤소정,韩国,null,套索,巨蟹座,韩国电影大钟奖第38届最佳女配角奖,null,actor
p212,瑞秋·麦克亚当斯,演员,1978年11月17日,Rachel McAdams,加拿大,"加拿大,安大略省,伦敦",《贱女孩》《恋恋笔记本》《大侦探福尔摩斯》《午夜巴黎》《时空恋旅人》,天蝎座,null,163cm,actor
p213,露塞尔·沃特森,演员,null,null,null,null,null,null,null,null,actor
p214,路易·西霍尤斯,演员,null,null,null,null,《竞速灭绝》,null,null,null,actor
p215,凯特·温丝莱特,演员,1975年10月5日,Kate Winslet,英国,英国伯克郡雷丁,泰坦尼克号、生死朗读、美丽心灵的永恒阳光、理智与情感、罪孽天使、革命之路、欲海情魔,天秤座,奥斯卡奖最佳女主角、金球奖最佳女主角、最佳女配角、艾美奖最佳女主角、法国电影凯撒奖荣誉奖、英国电影学院奖最佳女主角、最佳女配角、欧洲电影奖最佳女主角、美国演员工会奖最佳女主角,169cm,actor
p216,巩俐,演员,1965年12月31日,Gong Li,新加坡,辽宁省沈阳市,红高粱、霸王别姬、秋菊打官司、大红灯笼高高挂、活着、菊豆、荆轲刺秦王、漂亮妈妈、归来,摩羯座,两届大众电影百花奖最佳女主角、两届中国电影金鸡奖最佳女主角、第26届香港电影金像奖最佳女主角、第49届威尼斯国际电影节最佳女演员、第24届蒙特利尔国际电影节最佳女演员、、第02届瓦尔纳国际电影节最佳女演员、第12届中国长春电影节最佳女主角、第12届香港电影金紫荆奖最佳女主角、两届上海影评人协会奖最佳女主角、第06届中国电影导演协会最佳女主角、第13届香港电影评论学会大奖最佳女主角、第43届柏林国际电影节金摄影机奖、第57届戛纳国际电影节特别大奖、第24届蒙特利尔国际电影节艺术成就奖、第59届威尼斯国际电影节评委会主席、第50届柏林国际电影节评委会主席、第17届上海国际电影节评委会主席、第16届东京国际电影节评委会主席 、联合国促进和平艺术家、法国艺术及文学勋章司令勋位,169cm,actor
p217,龟山助清,演员,null,Sukekiyo Kameyama,null,null,《Miduumi》,null,null,null,actor
p218,张曼玉,演员、歌手,1964年9月20日,Maggie Cheung,中国,中国香港,花样年华、甜蜜蜜、阮玲玉、阿飞正传、英雄、青蛇、新龙门客栈、清洁,处女座,五届香港电影金像奖最佳女主角、四届台湾电影金马奖最佳女主角、第42届柏林国际电影节最佳女演员、第57届戛纳国际电影节最佳女演员、第28届芝加哥国际电影节最佳女演员、、第22届德班国际电影节最佳女演员、第02届香港电影金紫荆奖最佳女主角、第01届华语电影传媒大奖最佳女主角、第03届香港电影评论学会大奖最佳女主角、第42届亚太电影节最佳女主角、第08届都灵国际电影节评审团特别奖、第10届上海国际电影节杰出贡献奖、第29届蒙特利尔国际电影节艺术成就奖、第47届柏林国际电影节主单元评委 、第60届戛纳国际电影节主单元评委 、第56届威尼斯国际电影节主单元评委 ,168cm,actor
p219,奥利维娅·德哈维兰,演员,1916年7月1日,Olivia de Havilland,美国,日本，东京,乱世佳人、风流种子、女继承人,巨蟹座,第19届奥斯卡金像奖最佳女主角、第22届奥斯卡金像奖最佳女主角、第12/14/21届奥斯卡最佳女主角提名,163cm,actor
p220,糸井重里,散文家,1948年11月10日,null,日本,null,《成为噢想》,null,再见企鹅(汤村画的绘本)辉彦昴书房 1976.7,null,actor
p221,伊丽莎白·麦戈文,演员,1961年7月18日,Elizabeth McGovern,美国,伊利诺斯州埃文斯顿,拉格泰姆舞曲、美国往事、唐顿庄园,巨蟹座,第54届奥斯卡金像奖最佳女配角提名、第69届金球奖迷你剧/电视电影最佳女主角提名,175cm,actor
p222,寺田农,演员、声优,1942-11-07,Minori Terada,日本,东京,null,天蝎座,null,null,actor
p223,卡兰·麦克奥利菲,演员,1995年1月24日,Callan McAuliffe,null,澳大利亚悉尼,《怦然心动》、《关键第4号》,水瓶座,null,178cm,actor
p224,凯拉·奈特莉,演员,1985年3月26日,Keira Knightley,英国,"英国,英格兰,密德塞克斯郡,特丁顿",《加勒比海盗》《傲慢与偏见》《赎罪》《安娜·卡列尼娜》《模仿游戏》,白羊座,第78届奥斯卡奖最佳女主角提名、第87届奥斯卡奖最佳女配角提名、第63届金球奖最佳女主角提名、第65届金球奖最佳女主角提名、第72届金球奖最佳女配角提名,170cm,actor
p225,鹫尾真知子,演员,1949年6月2日,null,null,神奈川县,大奥,null,null,null,actor
p226,汤姆·汉克斯,演员，制片人，导演，编剧,1956年7月9日,Tom Hanks,美国,"美国,加利福尼亚州,康科德",《阿甘正传》《费城故事》《西雅图不眠夜》《荒岛余生》《拯救大兵瑞恩》,巨蟹座,两届奥斯卡最佳男主角、四届金球奖最佳男主角、美国电影学会奖终身成就奖、美国演员工会奖最佳男主角、柏林国际电影节最佳男主角、第43届人民选择奖最受喜爱剧情电影男演员,183cm,actor
p227,郑佩佩,影视演员,1946年1月6日,Pei-Pei Cheng,美国,上海,《大醉侠》、《金燕子》、《卧虎藏龙》《唐伯虎点秋香》,null,第20届香港电影金像奖最佳女配角、1964年获国际制片人协会金武士奖、1969年被报界评选为“武侠影后”,null,actor
p228,午马,演员、导演,1942年5月28日,Wu Ma,中华人民共和国,天津市,游侠儿、鹰王、怒剑狂刀、倩女幽魂,双子座,第24届台湾电影金马奖最佳男配角、第15届上海国际电影节电影频道传媒大奖最佳男主角、第20届华鼎奖中国电影终身荣誉奖,168cm,actor
p229,罗伯托·贝尼尼,演员、编剧、导演、制片人,1952年10月27日,Roberto Remigio Benigni,意大利,意大利托斯卡纳区,不法之徒、美丽人生,null,意大利电影新闻记者协会最佳男演员银丝带奖、第51届戛纳国际电影节评委会大奖,null,actor
p230,李顺才,演员、教授,1934年11月16日（阴历十月初十）,이순재,韩国,朝鲜咸境北道会宁市,爱情是什么、澡堂老板家的男人们、无法阻挡的highkick,null,1992年作为国会议员从政、担任韩国放送演技者协会会长职务,165cm,actor
